網址,標題
https://crazy.ck101.com/post/14120,統媒還在幫韓草包抹粉，閻王鎖cosplay變一頁書
https://crazy.ck101.com/post/14119,按怒發大財
https://crazy.ck101.com/post/14118,五月天代言反捐7200萬，韓反讓高雄倒貼行銷白冰冰
https://crazy.ck101.com/post/14117,1124國民黨大勝台股重挫，蔡總統反92共識翻紅上漲
https://crazy.ck101.com/post/14116,可惜仍不敢罵KMT> 一個92各自表述 國共獨派圍剿蔡總統
https://crazy.ck101.com/post/14115,夜店跨年持仙女棒倒數灑紙巾
https://crazy.ck101.com/post/14114,蔡教授公布台灣共識答案爆紅，柯P亞斯bug自助餐被噓爆
https://crazy.ck101.com/post/14113,他幫上天堂的老爸「取消電費帳單」　無腦作業員：麻煩請本人來！之後一個塑膠袋出現全場都安靜…
https://crazy.ck101.com/post/14112,林宥嘉連辦二場演唱會慶功直呼，我對不起我的太太丁文琪!
https://crazy.ck101.com/post/14111,第41屆金穗獎入圍名單公布    影展大使「阿瑋」嚴正嵐、「虎爺」吳念軒青春出擊!
https://crazy.ck101.com/post/14110,金曲歌王王力宏（二哥）最愛粉絲，每年1/1自掏腰包舉辦免費的《福利秀》（Free Show）演唱會慰粉絲
https://crazy.ck101.com/post/14109,金曲歌王王力宏（二哥）最愛粉絲，每年1/1自掏腰包舉辦免費的《福利秀》（Free Show）演唱會慰粉絲
https://crazy.ck101.com/post/14108,刪
https://crazy.ck101.com/post/14106,臺中人都北七嗎 難怪會有谷關空氣市長
https://crazy.ck101.com/post/14105,謝和弦喊我是台灣人秒卡掉，柯P踢三立改華視被譙翻
https://crazy.ck101.com/post/14110,金曲歌王王力宏（二哥）最愛粉絲，每年1/1自掏腰包舉辦免費的《福利秀》（Free Show）演唱會慰粉絲
https://crazy.ck101.com/post/14109,金曲歌王王力宏（二哥）最愛粉絲，每年1/1自掏腰包舉辦免費的《福利秀》（Free Show）演唱會慰粉絲
https://crazy.ck101.com/post/14108,刪
https://crazy.ck101.com/post/14106,臺中人都北七嗎 難怪會有谷關空氣市長
https://crazy.ck101.com/post/14105,謝和弦喊我是台灣人秒卡掉，柯P踢三立改華視被譙翻
https://crazy.ck101.com/post/14104,2018跨年
https://crazy.ck101.com/post/14099,越南旅行團跑了152人　張景森：吃燒餅哪有不掉芝麻的？
https://crazy.ck101.com/post/14093,日本正式恢復商業捕鯨 稱產業發展與資源保育難共存???
https://crazy.ck101.com/post/14092,好老闆帶回照顧3小時  顏色正確政客獨處女議員
https://crazy.ck101.com/post/14087,他究竟是誰? 廠商爭相要他吐嘈!又是作家又是部落客又可以當網紅! 點擊率單篇最高達700萬!
https://crazy.ck101.com/post/14085,48歲莫文蔚魔鬼身材超絕!  四攻巨蛋 體力好比足球員!  火辣身材靠禁食 連唱3.5小時 不休息 !歌迷直呼:這是我看過最有誠意的一場!
https://crazy.ck101.com/post/14076,陸配帶豬絞肉入境要包湯圓　遭開罰20萬痛哭失聲
https://crazy.ck101.com/post/14073,黃國昌讚學生抗議有勇氣，結果被外界抨擊撻伐
https://crazy.ck101.com/post/14070,泳池內看妹！噁男水下脫褲遭透明牆出賣 下場糗翻
https://crazy.ck101.com/post/14069,媽寶政客？韓國瑜局長推稱「都是媽媽買的票」
https://crazy.ck101.com/post/14067,最大豬隊友！江宜樺曾謊稱不知情，馬讚支持江血腥鎮壓
https://crazy.ck101.com/post/14066,聖人難尋? KMT沒人才了? 中高準市長未上任就酬庸分贓
https://crazy.ck101.com/post/14054,2018已經過了94.8794%
https://crazy.ck101.com/post/14053,花428萬證明多輸313票，丁守中要求國家賠償
https://crazy.ck101.com/post/14051,「從此拒吃吳寶春麵包」鄭弘儀：你數鈔票真那麼愉快嗎？
https://crazy.ck101.com/post/14050,神奇的變出99張票的北市選舉
https://crazy.ck101.com/post/14048,亂傳高雄港埠大樓塌 造謠男被警方查水表了
https://crazy.ck101.com/post/14041,蔡丁貴稱「領宅神雞排的是中國臨演」???
https://crazy.ck101.com/post/14039,屁孩殺蟲劑罐丟金爐炸傷人　結果竟要廟方賠
https://crazy.ck101.com/post/14038,高雄教育局長要經過宗教團體確認？！
https://crazy.ck101.com/post/14031,無
https://crazy.ck101.com/post/14022,「不敢咬逆啦！」直播主伸手挑釁青竹絲　然後牠就咬下去惹
https://crazy.ck101.com/post/14021,中國豬瘟大爆發 TVBS還在業配香腸 秀下限
https://crazy.ck101.com/post/14020,與世隔絕6萬年！傳教士登島遭「原始人」箭雨射死沙灘
https://crazy.ck101.com/post/14010,劉樂妍投完票爽喊：我投XXX！被檢舉…秒變孬求不要播
https://crazy.ck101.com/post/14006,【案件回顧】民進黨高雄小港前鎮議員參選人 陳致中與其父親 陳水扁的重大司法案件回顧
https://crazy.ck101.com/post/14005,【疑雲重重】民進黨議員參選人 陳致中父親 陳水扁獲法務部展延第14次保外就醫
https://crazy.ck101.com/post/14000,笑死佔中香港人！韓導網軍切換身分跑錯場
https://crazy.ck101.com/post/13997,香港浸會大學宿舍灑麵粉慶生釀爆炸　12學生燒傷
https://crazy.ck101.com/post/13996,侯友宜細數治安敗壞時期，竟仍攬功收割謝長廷功勞
https://crazy.ck101.com/post/13994,從金馬言論爭議到東奧正名公投：是誰讓周子瑜事件不斷重演？
https://crazy.ck101.com/post/13993,選前霉體奧步再現！中天說三立給韓導塗護唇膏導致失常
https://crazy.ck101.com/post/13990,昨天女友幫我這樣按，今天我竟然⋯⋯
https://crazy.ck101.com/post/13989,一場高雄選舉直球辯論   讓外溢效應持續發酵
https://crazy.ck101.com/post/13987,選舉一路造假！直播辯論公然扯謊  遭大學院長回覆打臉
https://crazy.ck101.com/post/13986,挑戰在台中的大學售出百罐蜂蜜檸檬！正妹的反應出乎意料？！
https://crazy.ck101.com/post/13984,選前奧步再現！寧願繳50萬罰金也要觸法提民調
https://crazy.ck101.com/post/13983,生為中國人的悲哀！主場馬拉松被硬塞國旗失冠軍
https://crazy.ck101.com/post/13979,國民黨輔選韓國瑜  惡意攻擊陳菊「肥滋滋大母豬」
https://crazy.ck101.com/post/13978,批評別人的競選經費反遭自己被打臉???
https://crazy.ck101.com/post/13976,候選人政見太狂 單身網友嗨爆
https://crazy.ck101.com/post/13975,來亂 作戲 作秀的游藝參選候選人???
https://crazy.ck101.com/post/13970,不敢接受辯論的西瓜市！最浪費選民時間的政見發表會
https://crazy.ck101.com/post/13966,國民黨又出新招！先告狀指稱「別人幫我賄選」
https://crazy.ck101.com/post/13963,惡意逼車
https://crazy.ck101.com/post/13962,統媒假新聞造謠不遺餘力，汙辱選民遭嗆爆D能媒體
https://crazy.ck101.com/post/13957,空心韓導辯論被打爆！喜韓兒傾巢而出造謠陳其邁戴耳機
https://crazy.ck101.com/post/13951,狂者媽媽！搭車驚遇兒子搶劫　當場脫拖鞋啪啪打爆
https://crazy.ck101.com/post/13950,侯友宜批賴神撒錢沒給新北 蘇貞昌：幾百億講成0元
https://crazy.ck101.com/post/13946,邱議瑩臉書留言蒸發30萬則
https://crazy.ck101.com/post/13945,神氏家族低能鬥陣日常第二彈!!
https://crazy.ck101.com/post/13944,李明彥落網 大喊：是鋼筋打人不是我打的！
https://crazy.ck101.com/post/13940,遲到扣全勤？女騎士等紅燈全脫剩黑色Bra！眾人看傻
https://crazy.ck101.com/post/13938,有沒有看過自己人跟自己人辯論? 而且一共9場喔
https://crazy.ck101.com/post/13935,韓國瑜屢屢失言！許淑華嗆「沒有最蠢只有更蠢」
https://crazy.ck101.com/post/13933,聲援婦聯會被質疑 柯文哲道歉認「錯誤的援引例證」
https://crazy.ck101.com/post/13932,新竹縣尖石溫泉
https://crazy.ck101.com/post/13930,L牌車子很貴   https://www.facebook.com/242305665805605/posts/2185580184811467/
https://crazy.ck101.com/post/13925,館長栽贓沒簽ECFA害社頭，結果早簽了還害慘台灣經濟
https://crazy.ck101.com/post/13924,韓國瑜愛情摩天輪政策分析報告
https://crazy.ck101.com/post/13922,看到觀落陰的三立新聞???
https://crazy.ck101.com/post/13920,已經講別捐血作秀了！韓國瑜硬要發通知慘遭噓爆
https://crazy.ck101.com/post/13919,可恥！大家忙救災，統媒竟藉機操作政治製造對立
https://crazy.ck101.com/post/13918,普悠瑪列車出事之後，就怪前朝馬政府的名嘴
https://crazy.ck101.com/post/13916,不聽話就下地獄，水晶界Seafood再現，她吃了人面魚，還說魚親自跟她說謝謝!
https://crazy.ck101.com/post/13915,重大災難還政治算計媒體版面，這舉動讓醫護人員全罵翻
https://crazy.ck101.com/post/13907,狂！韓國瑜小編上節目罵高雄人又老又窮
https://crazy.ck101.com/post/13906,高市議員抽籤 獨派女參選人「全脫」!!!
https://crazy.ck101.com/post/13898,通緝犯因吸毒加逃逸致死，恐龍法官加碼國賠大放送
https://crazy.ck101.com/post/13895,砲兵偽造訃聞騙喪假 曾祖母被他復活又賜死2次
https://crazy.ck101.com/post/13894,選情告急搞腳尾飯！嗆綠關FB 竟是造謠怕被吉自己關的
https://crazy.ck101.com/post/13893,古人有云.........「誠摯終招忌」
https://crazy.ck101.com/post/13892,「火雲邪神」借廁所遭拒　抓全家店員出氣
https://crazy.ck101.com/post/13891,經濟部長用鼻孔插電？！
https://crazy.ck101.com/post/13887,億萬富豪墜機全家喪命 疑自拍打暈機師釀禍
https://crazy.ck101.com/post/13882,高雄人短命因不搭捷運？馬英九再度失言遭唾棄
https://crazy.ck101.com/post/13880,白賊又發威稱任內整治愛河？遭嗆釀氣爆管線你亂埋的
https://crazy.ck101.com/post/13879,朱立倫核定深澳電廠遭停建，環團髮夾彎砲轟賴清德
https://crazy.ck101.com/post/13878,反綠軒哥撞死3人15萬交保！遭起底黨國附隨黑道組織
https://crazy.ck101.com/post/13874,廢死迎英議員 最高院遭罵翻
https://crazy.ck101.com/post/13872,只有KMT能超越KMT的狂! 死人聯署再使穢土轉生來輔選
https://crazy.ck101.com/post/13871,反綠反到智堪慮？館長直播違規遭停權卻怪陳其邁
https://crazy.ck101.com/post/13861,兩岸一家親！中華台北隊作弊遭《爐石》取消世界賽資格
https://crazy.ck101.com/post/13860,中華民國記者丟臉！台灣新聞竟靠日媒報導揭露
https://crazy.ck101.com/post/13856,文成武德神助防護罩！25個颱風遇台灣皆轉向
https://crazy.ck101.com/post/13854,頑童「拍馬屁」一腳被踹飛重擊路邊機車倒地大哭不起
https://crazy.ck101.com/post/13846,電影【紅樓夢】入選十幾個影展大受國際好評，胖虎拍攝紅樓夢強調真槍實彈 網友回應: 是跟臨演嗎?　
https://crazy.ck101.com/post/13844,太87！笨賊偷車被防盜反鎖　崩潰敲窗：讓我出去
https://crazy.ck101.com/post/13843,馬自達之五趴馬傳奇
https://crazy.ck101.com/post/13842,運結識藥頭 政治網紅染毒被捕內幕
https://crazy.ck101.com/post/13839,搭摩天輪頭髮竟被扯進去 正妹頭皮遭「酷刑」撕開
https://crazy.ck101.com/post/13837,面對國民黨的雛妓樂園，馬英九表示她們都自願的
https://crazy.ck101.com/post/13835,塑膠微粒全面入侵！環保署全面調查，自來水、海水、沙灘、貝類都含塑膠微粒
https://crazy.ck101.com/post/13833,毒咖啡印「火影忍者」主角 男子答不出名字被逮
https://crazy.ck101.com/post/13830,告網友又挨罵低能兒　王瑞德嗆「你是第21個」
https://crazy.ck101.com/post/13828,【蘋果直擊】南台灣「天坑之謎」　秒懂官商勾結怎麼搞
https://crazy.ck101.com/post/13826,白目男獻身誘惑小鱷魚　下場悲劇險遭絕子絕孫！
https://crazy.ck101.com/post/13822,開車進隧道險撞「長髮裸女」　網嚇壞：確定是人？
https://crazy.ck101.com/post/13821,不只算錯…戴資穎臉書發感性文 竟被政院列入「假新聞」???
https://crazy.ck101.com/post/13820,姚、蘇民調「超驚人」？彭文正慘遭打臉：不愧是台大教授
https://crazy.ck101.com/post/13819,糗！政院算錯假新聞 算不算是假新聞
https://crazy.ck101.com/post/13815,殺4人被判死！冷血殺人犯無悔意 開庭時「倒頭狂睡」XD
https://crazy.ck101.com/post/13811,外交部駐外單位資源不足的真相，政治卸責下的犧牲者：是誰，殺了我們的外交官？
https://crazy.ck101.com/post/13810,海濤法師又有驚人見解
https://crazy.ck101.com/post/13806,中國造假新聞統媒跟風，酸民害死駐大阪辦事處長
https://crazy.ck101.com/post/13804,巴塞隆納禁21呎「棺材房」出租
https://crazy.ck101.com/post/13802,加賴/微信:wuso258台灣本土正妹雙飛無套全場3K起
https://crazy.ck101.com/post/13799,雙語
https://crazy.ck101.com/post/13796,【前鎮冰屍】獵奇凶案逆轉！　長子為錢花百萬雇友弒父
https://crazy.ck101.com/post/13795,烏克蘭的代孕產業：游走在法律邊緣
https://crazy.ck101.com/post/13790,騎士高架橋下等紅燈 大雨水柱沖頭如SPA
https://crazy.ck101.com/post/13789,外交部的兩種作為：楊偉中 VS 滯日國人，﻿﻿﻿臺灣政府對滯日國人到底做了什麼？！
https://crazy.ck101.com/post/13786,雙北民眾注意！ 土石流黃色警戒53條
https://crazy.ck101.com/post/13784,89小妹就是狂
https://crazy.ck101.com/post/13782,暴雨來襲！台北地區遍地開花　這些地方都淹水了
https://crazy.ck101.com/post/13780,亞培安素等6產品共客訴629件　衛生局：全下架
https://crazy.ck101.com/post/13777,爭鮮極限大胃王挑戰
https://crazy.ck101.com/post/13776,人不勝天！日本天災露餡 核電廠全黑 人工島機場長期封鎖…???
https://crazy.ck101.com/post/13775,現在團體的心態想法就只會講幹話嗎???
https://crazy.ck101.com/post/13769,兒煮河豚肝孝親　阿爸吃一口呼吸衰竭插管
https://crazy.ck101.com/post/13768,兒子玩「吃雞」遊戲仿跳樓亡 母控內容不實：告到它破產
https://crazy.ck101.com/post/13767,批判以核養綠 環團說核廢仍是難題???
https://crazy.ck101.com/post/13762,國防部為2000多元告台水 法官斥耗費司法資源損及政府競爭力
https://crazy.ck101.com/post/13761,恢復處女膜
https://crazy.ck101.com/post/13760,【悲傷片】駕動力傘迫降　飛行傘協會前理事命喪蘭陽溪
https://crazy.ck101.com/post/13757,【崩潰片】阿根廷貨幣危機惡化！升息至60%全球最高 　披索再暴跌
https://crazy.ck101.com/post/13756,衛生紙、499之後連麥當勞都來亂　網友稱鬼島日常
https://crazy.ck101.com/post/13755,亞運棒球中華隊與日本0比5遭完封 明與中國爭銅
https://crazy.ck101.com/post/13753,死囚李宏基伏法 廢死嗆用人頭換人投
https://crazy.ck101.com/post/13752,中年女子亂丟垃圾 人家是女生 大聲沒禮貌
https://crazy.ck101.com/post/13750,綠營4年前倡核四公投，4年後自打臉
https://crazy.ck101.com/post/13749,挺綠網友也要硬拗跳出來護航了嗎???
https://crazy.ck101.com/post/13746,破解以核養綠十大謊言 環團：馬英九不該講不負責幹話
https://crazy.ck101.com/post/13743,長輩圖呼籲「以核養綠」？別再相信沒有根據的說法了???
https://crazy.ck101.com/post/13740,吳祥輝揚言砍人，造成人民恐慌。
https://crazy.ck101.com/post/13739,好市多接連出包！生蝦驗出致癌物，酪梨重金屬鎘超標，草莓藍莓農藥超標
https://crazy.ck101.com/post/13735,中南部豪雨成災！吳敦義夫人見獵心喜喊「老天有眼」
https://crazy.ck101.com/post/13732,黃國昌下戰書　體協集體舞弊憑啥緩起訴？
https://crazy.ck101.com/post/13730,這.....斷句斷的有點強
https://crazy.ck101.com/post/13729,海濤法師到英國墓園燒香做法 佛教徒不解問「做秀嗎」
https://crazy.ck101.com/post/13727,痛痛痛!!! 疼疼疼!!!亞運棒球贏南韓 作家朱宥勳被打臉!!!
https://crazy.ck101.com/post/13723,報告蔡總統與賴院長：這樣的雨下在基隆河流域不會淹水
https://crazy.ck101.com/post/13715,爆紅蔣月惠拄杖抗議　「雨神同行」護屏東大灣美景
https://crazy.ck101.com/post/13710,台南淹水遭批治水失敗 賴清德：批評的人去當上帝
https://crazy.ck101.com/post/13703,想砸店卻先砸暈同夥 根本豬隊友無誤
https://crazy.ck101.com/post/13700,神鬼建築師
https://crazy.ck101.com/post/13699,西班牙翻譯謊稱自己是設計師？！還當上建築獎評審
https://crazy.ck101.com/post/13697,國民黨選舉主打重罰酒駕，結果肇逃還找助理頂罪
https://crazy.ck101.com/post/13696,美國NASA認證「人一藍、腦就殘」
https://crazy.ck101.com/post/13692,外國男子停紅燈吃腳吃到忘我
https://crazy.ck101.com/post/13691,決定不再跟父母要錢   但先要一台BMW開計程車
https://crazy.ck101.com/post/13685,建商小開，到處作惡
https://crazy.ck101.com/post/13684,上狄卡找鄉民想辦法隱瞞戴男友綠帽的事實？
https://crazy.ck101.com/post/13683,曾罵柯P呷賽　時代力量林昶佐：因「兩岸一家親」就說柯P是統派不公平
https://crazy.ck101.com/post/13673,高雄小妹為了朋友出口氣到處翻群甚至盜照
https://crazy.ck101.com/post/13672,乘客因血糖太低在公車上吃糖 白髮阿伯氣到趕她下車？！
https://crazy.ck101.com/post/13667,嗆鄭問憑啥進故宮辦展！粉絲怒吼要謝金河妻道歉
https://crazy.ck101.com/post/13665,【基本工資調漲】月薪23100元僅增5％　勞方一度集體離席抗議
https://crazy.ck101.com/post/13662,北七民眾投訴救護車吵到小孩
https://crazy.ck101.com/post/13659,華山分屍案找到不明DNA  結果人體組織變牛肉???
https://crazy.ck101.com/post/13653,歌手喊全場跳起來 西班牙音樂節看台塌陷
https://crazy.ck101.com/post/13651,【蚊子豪宅】瓏山林信義鬧區藏荒樓　完工7年黑漆漆
https://crazy.ck101.com/post/13650,兩則狂新聞素材提供
https://crazy.ck101.com/post/13648,35周孕婦衝急診遭嗆　屏東寶建醫院道歉：醫師應答會加強
https://crazy.ck101.com/post/13645,颱風天94要泛舟 大雨一來 台灣大道變運河了
https://crazy.ck101.com/post/13643,量大不處理就偷排？　議員揪高雄鳳山污水廠排黑水
https://crazy.ck101.com/post/13641,黑心！桃園發霉長蟲蛋液流入桃竹苗　檢方急扣2萬6千公斤壞蛋
https://crazy.ck101.com/post/13639,法律系畢業　經營地下錢莊坑缺錢婦
https://crazy.ck101.com/post/13629,不怕晚上被水鬼煮來吃? 國軍山羊站崗
https://crazy.ck101.com/post/13628,這幾天被炒很兇的全聯廣告...
https://crazy.ck101.com/post/13623,佩佩豬活了
https://crazy.ck101.com/post/13622,我以為最近不正常的只有姚姚跟丁丁
https://crazy.ck101.com/post/13621,阿公有搖滾魂 逃家只為了參加音樂祭
https://crazy.ck101.com/post/13620,生達降血壓藥原料含致癌NDMA　珠海潤都：低於歐洲參考限定值0.3ppm
https://crazy.ck101.com/post/13618,鄰長  不修監視器多年  原來是為了方便偷東西 老賊偷了十年有
https://crazy.ck101.com/post/13617,就結果論而言 她是成功的
https://crazy.ck101.com/post/13612,33歲人妻偷吃國中生　車震玩遍摩鐵挨告性侵
https://crazy.ck101.com/post/13603,高雄團購名店春鑫食品驚傳倒閉　廠商討嘸2百萬貨款
https://crazy.ck101.com/post/13601,潑漆浪費錢？蔡丁貴：維護銅像花更多
https://crazy.ck101.com/post/13598,悉尼Chatswood 1503北雪梨靈糧堂教會與Chatswood 沙拉工廠聯合起來一起欺騙、隱瞞一人
https://crazy.ck101.com/post/13597,〈南山人壽內控缺失〉操盤手炒股案後續 顧立雄：南山自認無涉內稽內控
https://crazy.ck101.com/post/13596,金檢期間竟偷刪電郵資料　金管會震怒罰富邦人壽逾千萬
https://crazy.ck101.com/post/13595,侯探長不只會節稅跟通靈，直接自曝還會騷擾小朋友
https://crazy.ck101.com/post/13593,[行車紀錄器]這個操作，我給100分
https://crazy.ck101.com/post/13592,美麗島民調：46%民眾贊成蔡英文承認一中與中國談判
https://crazy.ck101.com/post/13586,果真是見過地獄的男人！侯友宜觀落陰找岳父聊天
https://crazy.ck101.com/post/13584,窮人無知媒體帶風向！一萬五千美金頭等艙沒過生日被批奧客
https://crazy.ck101.com/post/13582,空姐沒幫他過生日 頭等艙乘客森77大哭
https://crazy.ck101.com/post/13580,你484手機上癮？小偷連不上wifi 叫醒屋主立馬被抓～
https://crazy.ck101.com/post/13567,手機維修後8個月有問題 拿球棒打人嗆聲免費維修
https://crazy.ck101.com/post/13565,奧迪業務拍攝客戶美腿，官方稱已事先徵得客戶同意
https://crazy.ck101.com/post/13563,高雄市藥局女員工假冒藥師賣藥　衛生局：最高罰30萬
https://crazy.ck101.com/post/13562,網爆經營不善跳票2.8億　高雄河邊餐廳遭員工控欠薪
https://crazy.ck101.com/post/13560,好瞎把妹！ 朋友女友愛吃蝦男失手毒死300尾
https://crazy.ck101.com/post/13559,澎湖油庫離譜漏油6.3萬公升瞞1年 中油今提懲處名單
https://crazy.ck101.com/post/13558,【名人官司】李進良告徐薇夫　騙買南韓Medikan非法醫材求償2588萬
https://crazy.ck101.com/post/13557,政府要管刺青了！不知風險染病可依法討公道
https://crazy.ck101.com/post/13554,時代力量戰神聲援她槓屏東縣政府　蔣月惠擁抱黃國昌道謝
https://crazy.ck101.com/post/13552,林育卉:羅騰園未立案觸法　蔣月惠：想把身障者當家人
https://crazy.ck101.com/post/13550,〈保單健檢攻略〉DRGs健保新制上路 自費額將增加 實支實付要加入
https://crazy.ck101.com/post/13546,蔣月惠警局驚天一哭　潘孟安控：她通知記者去拍
https://crazy.ck101.com/post/13545,【名牌燒貨】卡地亞萬寶龍年毀172億名錶　 滯銷品寧丟棄
https://crazy.ck101.com/post/13544,打籃球被犯規　美國男子堅持報警
https://crazy.ck101.com/post/13540,男為求刺青藝術感自宮
https://crazy.ck101.com/post/13537,【屏東縣長出面】公勇路拆遷變大埔案翻版　潘孟安「很遺憾」
https://crazy.ck101.com/post/13525,炸彈魔歐? 旅歐女子攜二戰炸彈登機返美
https://crazy.ck101.com/post/13521,【裝肖維】露臉嗆聲館長！高雄南霸天竟扯：是朋友盜帳號
https://crazy.ck101.com/post/13517,蠢？想當警察還改名叫警察卻吸毒被逮
https://crazy.ck101.com/post/13516,唱太嗨！女主唱鑽透明巨球　歌迷一路目送滾出外海...
https://crazy.ck101.com/post/13515,李來希縮衣節食4菜1湯 網友：以前吃鮑魚？
https://crazy.ck101.com/post/13513,台大天才手球隊輕敵力拼中華台北代表隊
https://crazy.ck101.com/post/13512,趕百大DJ下台！刑警衝上台蒐證???
https://crazy.ck101.com/post/13505,【更新】逆轉！不出席民進黨全代會　陳水扁：盼蔡主席別放棄我
https://crazy.ck101.com/post/13500,中國拒收之後 美國垃圾堆成了山
https://crazy.ck101.com/post/13494,別以貌取蟲！喇牙出沒住家覓食　「蟑螂剋星」幫人類殺害蟲
https://crazy.ck101.com/post/13490,【噁爆片】大媽脫衣跳池「水柱灌鮑魚」
https://crazy.ck101.com/post/13488,颱風天上演紫禁之巔
https://crazy.ck101.com/post/13487,大賣場看A片  中學生狂磨桌角
https://crazy.ck101.com/post/13486,用陰道求婚  英國女慘進急診室
https://crazy.ck101.com/post/13484,逢甲屁孩超高水準丟垃圾
https://crazy.ck101.com/post/13482,某個新兵發文說:槍要自己帶嗎？
https://crazy.ck101.com/post/13478,​影／下午4點放假！　呂秋遠：史上最短颱風假是什麼鬼？
https://crazy.ck101.com/post/13471,藍寶堅尼「晨跑」奪2命　富少姑姑：政府需負點責任
https://crazy.ck101.com/post/13470,年薪900萬不去訓練腦袋，藍立委找館長練拳打人
https://crazy.ck101.com/post/13467,是工人智慧而非人工智慧，多家新創公司被爆用真人假扮成 AI
https://crazy.ck101.com/post/13466,國民黨想複製柯P失敗，李錫錕欠60萬跟小編互槓
https://crazy.ck101.com/post/13464,棄藥催生超級細菌 亂丟污染河川 驗出22種藥品
https://crazy.ck101.com/post/13458,桃園市龍潭區某台塑加油站員工集體離職爆料
https://crazy.ck101.com/post/13455,中國新聞：中國鳳梨滯銷，是台灣品種惹的禍？
https://crazy.ck101.com/post/13451,加拿大鴛鴦笨賊 鑽天花板躲警竟從天而降
https://crazy.ck101.com/post/13449,公務員響應李來希三不運動，退休人員個資撒給他滿天飛
https://crazy.ck101.com/post/13446,街頭驚見黑道相挺旗幟，侯友宜急切割沒有聯繫
https://crazy.ck101.com/post/13444,鳳梨價崩　高雄內門老農訴「拿錢放人」乾脆爛田裡
https://crazy.ck101.com/post/13442,只會講幹話的假環團???
https://crazy.ck101.com/post/13437,學郝龍斌「三度  早就想」？侯友宜這次推給幕僚不給說明
https://crazy.ck101.com/post/13430,今日天氣／中、南部及宜花東高溫約在 30 至 34 度，北部約 35 度
https://crazy.ck101.com/post/13429,【獨家】第三家醫院出包！成大醫院洗腎誤用漂白水
https://crazy.ck101.com/post/13427,聯合重工再現假新聞！假農民抗議鳳梨被打臉
https://crazy.ck101.com/post/13425,炎亞綸誇張歧視言論
https://crazy.ck101.com/post/13424,北捷破案！害700人潰逃的老鼠　來自大安森林公園
https://crazy.ck101.com/post/13422,"台灣藝人不滿NBA球星轉隊 屌嗆""沒技巧的大猩猩"""
https://crazy.ck101.com/post/13417,替4大殺人魔辯護原因 律師這樣說
https://crazy.ck101.com/post/13416,【獨家】海軍流年不利　新訓中心驚爆喝花酒又貪瀆
https://crazy.ck101.com/post/13411,4歲包租婆屌打3歲自耕農，搞違法宿舍侯也覺得很奇怪
https://crazy.ck101.com/post/13408,不滿台鐵驗票！　阿伯嗆列車長：大陸都不用
https://crazy.ck101.com/post/13406,女賊爬天花板躲警不成　摔落地面狼狽落網
https://crazy.ck101.com/post/13400,「世界盃最大贏家是中國」 溫嵐貼文遭罵翻
https://crazy.ck101.com/post/13399,和艦 A 股上市掀企業出走潮，聯電：這太沉重了
https://crazy.ck101.com/post/13397,台大媽嗆日本地勤「白癡」 貼登機證喊冤遭打臉…真相曝光
https://crazy.ck101.com/post/13396,你還在笑曲棍球嗎？黃國昌怒K黨法院7年重罪變1年
https://crazy.ck101.com/post/13393,高雄市府18月狂賣113億地　低價宅時代結束
https://crazy.ck101.com/post/13392,【獨家片】太陽能廠商綠能爆變相無薪假　任意調動職務逼人走
https://crazy.ck101.com/post/13387,連學生的出來講幹話了嗎???
https://crazy.ck101.com/post/13385,指考7/1登場　大台北高溫飆36度
https://crazy.ck101.com/post/13383,【2018世足】谷阿莫惹惱FIFA！　愛爾達小編開酸嗆「準備去函」
https://crazy.ck101.com/post/13381,想當白人…黑人男童乳液抹臉　媽媽當場「黑人問號」
https://crazy.ck101.com/post/13378,扯！台女被罰行李超重費  怒嗆自己在行政院上班
https://crazy.ck101.com/post/13377,柯Ｐ替演習總結　酸獨派當示範「很快就被撲滅了」
https://crazy.ck101.com/post/13375,被丟鞋司空見慣？陳峻涵：大家一起讓柯文哲司空見慣
https://crazy.ck101.com/post/13372,佛系店員遇搶劫超淡定 還叫搶匪自己拿錢
https://crazy.ck101.com/post/13370,拜託找專家！　中古世紀木雕被修復成卡通人
https://crazy.ck101.com/post/13369,墨西哥這城市暴力頻傳 警察卻沒槍 配彈弓值勤
https://crazy.ck101.com/post/13356,【世足不斷更新】衛冕軍德國0比2輸南韓　慘遭淘汰
https://crazy.ck101.com/post/13354,館長自居正義化身對侯友宜暴利不吭聲　遭議員助理點名踢館
https://crazy.ck101.com/post/13346,教育部函「已悉」高雄醫學大學代理校長　黃國昌：什麼垃圾公文？
https://crazy.ck101.com/post/13344,找錢碰手背就要丟工作 你這是在性騷擾!
https://crazy.ck101.com/post/13343,4男惡搞北捷告示牌垃圾桶搬入車廂
https://crazy.ck101.com/post/13340,垃圾桶搬進捷運車廂內　這旅客很有事
https://crazy.ck101.com/post/13339,上班不要看－恥度爆表
https://crazy.ck101.com/post/13335,手遊5星角色被刪光　駭客被逮！共賠11萬
https://crazy.ck101.com/post/13332,台北市華山分屍案木屋 婦目擊20裸男女玩樂
https://crazy.ck101.com/post/13331,送錢釣魚文（尚不確定真假，假的機率很高，因為很假）
https://crazy.ck101.com/post/13330,沒帶腦出門  老大就在前面 還敢對老大雙黃線刷卡超車
https://crazy.ck101.com/post/13328,好一個政論節目抹黑94狂
https://crazy.ck101.com/post/13327,推理之教練都潛在殺人犯？網友高級反諷霉體跟館長
https://crazy.ck101.com/post/13323,師父出來啦阿啊啊啊啊
https://crazy.ck101.com/post/13321,前文大校長跳船轉污點證人，稱被迫簽年漲5%違法宿舍
https://crazy.ck101.com/post/13318,年改恐怖丟貨潮要來了？ 專家：房市恐失主力買盤
https://crazy.ck101.com/post/13313,民進黨嘉縣分裂　現任副縣長吳芳銘競選下屆縣長
https://crazy.ck101.com/post/13312,【誇張片】強國拒收洋垃圾！英廢塑料賣來台灣竟暴增10倍
https://crazy.ck101.com/post/13309,新北官員二度關說侯友宜案，台北市政府送政風處除弊
https://crazy.ck101.com/post/13306,高層走人只剩工讀生？台北市大直美麗華影城出大包民眾氣炸
https://crazy.ck101.com/post/13303,[新頭殼物語]蔡政府民調「三管齊下」 勇哥陳水扁：「邱太三不換，先換黨主席？」
https://crazy.ck101.com/post/13302,台電去年累積虧損擴大 連續11年不發股利
https://crazy.ck101.com/post/13300,新北市半個月兩起分屍案，486嗆邱太三不死刑滾蛋
https://crazy.ck101.com/post/13299,醫生叫我自己幫貓打針 出了問題打電話回去問 他說他要睡覺
https://crazy.ck101.com/post/13296,電玩成癮　今天起正式列入精神疾病
https://crazy.ck101.com/post/13295,館長遇黑道惱羞宣布一言堂，說沒身分證都假帳號封鎖
https://crazy.ck101.com/post/13292,【抓包片】監察院爆放縱員工賺外快　夫妻檔兼差賣水果
https://crazy.ck101.com/post/13291,產女像別人 夫被酸「綠光戰警」女醫通姦賠250萬
https://crazy.ck101.com/post/13290,耍寶王共諜案還洗錢35億，統媒與挺藍網紅都挫著等
https://crazy.ck101.com/post/13289,世界盃台灣還要幾年才能去？3分鐘看台灣「足球夢」
https://crazy.ck101.com/post/13280,張安樂頒市長獎？議員諷：白色力量成白狼力量
https://crazy.ck101.com/post/13279,哭稱一生抓壞人沒拿錢回家，網友酸年薪百萬拿去養誰？
https://crazy.ck101.com/post/13275,張淑晶終於找到對手了！網友齊嗆館長支持剝削弱勢
https://crazy.ck101.com/post/13270,浣熊專家很狂
https://crazy.ck101.com/post/13269,自由廣場》彭明敏:總統的威信
https://crazy.ck101.com/post/13268,致災型降雨襲擊　台南多處淹水
https://crazy.ck101.com/post/13266,700萬賓士落地4分鐘將變廢鐵　全因拖車駕駛偷懶
https://crazy.ck101.com/post/13265,時代力量:自己的勞權自己救!公投聯署
https://crazy.ck101.com/post/13261,驚！名律師呂秋遠踩倫理紅線　遭律師懲戒記申誡
https://crazy.ck101.com/post/13257,中字輩統媒再做假新聞，鳳梨王子怒狗改不了吃屎
https://crazy.ck101.com/post/13256,天兵！打靶「偷藏1顆子彈」當紀念　退伍前被起訴
https://crazy.ck101.com/post/13253,捷運刷牙嬸
https://crazy.ck101.com/post/13252,無腦猛扯珍奶湯匙自嗨，政客作秀導致反效果
https://crazy.ck101.com/post/13236,侯友宜官運亨通秘辛被爆出，原來是擺平朱立倫岳父小三
https://crazy.ck101.com/post/13234,國民黨造謠害香蕉跌價，事後僅認為這只是小事
https://crazy.ck101.com/post/13233,周玉蔻節目飆罵陳佩琪 突被插1句話瞬間嚇到結巴！
https://crazy.ck101.com/post/13231,"三立電視發聲明書, 結果打臉三立電視"
https://crazy.ck101.com/post/13230,民進黨支持者倒戈？退黨議員許忠信：反新潮流系的人挺我
https://crazy.ck101.com/post/13229,再談北農爭議 柯P嘆氣：藍綠島內互打把台灣打趴了
https://crazy.ck101.com/post/13228,市府突襲北農查帳買洋酒案，真相曝光後黨媒不敢再報導
https://crazy.ck101.com/post/13227,雞排妹諷侯友宜 新北市長叫館長來選啦!
https://crazy.ck101.com/post/13226,大巨蛋不解約 就是柯文哲放水???
https://crazy.ck101.com/post/13224,是要多辣? 買水煎包多要辣椒醬被拒就崩潰
https://crazy.ck101.com/post/13222,這不4七仙女 德國政客湖中游泳 岸上衣物被幹走
https://crazy.ck101.com/post/13219,看護嬉鬧! 病患裸臀被拍入鏡
https://crazy.ck101.com/post/13213,「假仙救不了台灣」　呂秀蓮：我要開始講良心話
https://crazy.ck101.com/post/13212,嘉義排水工程挖到19具骸骨　耆老：可能挖到刑場
https://crazy.ck101.com/post/13211,阿姨自己被排氣管燙到 要求醫藥費 已新增新聞連結
https://crazy.ck101.com/post/13209,沒有腦就不要生小孩　
https://crazy.ck101.com/post/13208,噁！員工用路邊積水洗碗　老闆稱新來的不懂
https://crazy.ck101.com/post/13200,館長現出原形再展藍色本性，靠北蔡英文沒結婚沒母性
https://crazy.ck101.com/post/13187,明明不滿新北政府卻砲轟蔡英文，藍館長被理性網友們打到臉腫
https://crazy.ck101.com/post/13184,陸戰隊枉死！潮州一晚兩命案　感情糾紛殺錯人
https://crazy.ck101.com/post/13179,【爆料片】黃國昌指控　顧立雄老婆王美花關說大創案
https://crazy.ck101.com/post/13174,侯友宜反對蓋任何電廠，智慧節電幹話超越用愛發電
https://crazy.ck101.com/post/13165,館長選擇性發言幹話不斷，這次徹底惹惱專業的幼教師
https://crazy.ck101.com/post/13163,SEAFOOD輸了 美版妙禪要信徒買16億飛機
https://crazy.ck101.com/post/13161,94要用夾的 竊嫌娃娃機自己擺放自己夾
https://crazy.ck101.com/post/13159,館長被小段嗆爆後遭網友看破，分屍案不敢嗆白狼跟藍議員
https://crazy.ck101.com/post/13150,再延2年 北藝中心完工跳票
https://crazy.ck101.com/post/13148,最蠢不打自招! 流刺網撈起大量沉底試驗彈  統媒還配合去砲轟政府
https://crazy.ck101.com/post/13147,新北兇案頻傳治安持續惡化，分屍案朱峻穎還是促統黨成員
https://crazy.ck101.com/post/13143,【17情殺不斷更新】狠殺直播主女友　男應訊撞桌哭喊：判我死刑
https://crazy.ck101.com/post/13135,【板橋分屍不斷更新】殺台大女友肢解裝7袋　狠男提屍袋畫面曝光
https://crazy.ck101.com/post/13131,越南妻慫恿夫「假離婚」　簽字後立馬床戰小王
https://crazy.ck101.com/post/13129,這樣也能進球！　福將本澤馬截門將失誤進球
https://crazy.ck101.com/post/13128,曾文水庫蓄水率剩5.38％ 南化水庫幫忙解渴
https://crazy.ck101.com/post/13127,嗆小英噁心畫面被酸照照鏡子，史上最好笑打臉讓炳忠7pupu
https://crazy.ck101.com/post/13126,釘子戶「7坪換2戶」想要更多！被建商放生 爬屋頂跳樓抗議
https://crazy.ck101.com/post/13124,政府捐贈WHO百萬美元 館長暴怒痛批:做凱子
https://crazy.ck101.com/post/13122,他發票「號碼全中」 卻衰到只拿0元
https://crazy.ck101.com/post/13120,離奇！男肩膀中2彈送醫 警：兇手是「烤箱」
https://crazy.ck101.com/post/13116,比牛奶貴9倍！「沙漠白金」美國、亞洲開始夯
https://crazy.ck101.com/post/13115,【彭博分析】中國若被強加關稅　最慘的竟是台灣
https://crazy.ck101.com/post/13112,首次搭飛機！　阿伯開逃生窗挨罰一萬
https://crazy.ck101.com/post/13111,【追緝片】台泰合逮34詐騙車手　找回1億2千萬泰銖
https://crazy.ck101.com/post/13109,發燒第一和倒讚第一
https://crazy.ck101.com/post/13108,外交路艱辛！臺灣國：想要好的外交關係從正名台灣開始
https://crazy.ck101.com/post/13101,大家一定要小心這無恥不要臉的垃圾犯罪家族！尤其是高雄地區的同胞！
https://crazy.ck101.com/post/13100,[台獨進行式]布吉納法索斷交 中華民國邦交國降至18國
https://crazy.ck101.com/post/13099,這週還有拉屎新聞會上榜嗎？?
https://crazy.ck101.com/post/13092,拔管案變白色恐怖？北檢約談台大遴委們 聲稱大家都感謝
https://crazy.ck101.com/post/13085,台大遴委遭約談 北檢：依法辦理 盼勿混淆焦點
https://crazy.ck101.com/post/13084,孫安佐拚遣返 美國土安全局出手了
https://crazy.ck101.com/post/13081,想起女友被拋棄 男開車撞洋酒行出氣
https://crazy.ck101.com/post/13080,陰屍路? 美佛州大停電誤發「殭屍警報」
https://crazy.ck101.com/post/13079,【白癡片】男入伍前吸毒壯膽遭逮
https://crazy.ck101.com/post/13078,「屍體從墳墓爬出攻擊人」！美佛州大停電誤發「殭屍警報」
https://crazy.ck101.com/post/13077,逃票還反投訴台鐵站務！台灣鯛無下限！
https://crazy.ck101.com/post/13073,叫張無忌出來打阿 太極真功傳人2秒被KO
https://crazy.ck101.com/post/13072,真●打手槍 日健教課本竟把性器畫成．．．
https://crazy.ck101.com/post/13069,站牌當便所
https://crazy.ck101.com/post/13067,扯！比丘尼放生毒蛇　稱誦經後無毒
https://crazy.ck101.com/post/13066,玩火燒毀2萬公頃森林 少年得賠十億
https://crazy.ck101.com/post/13064,拍扁麵包師求國台辦貸款，落屎手藝讓中國人都吐槽
https://crazy.ck101.com/post/13060,【財神爺找人動畫】1-2月發票　7張千萬沒人領
https://crazy.ck101.com/post/13059,價格直落沒人要？ 資源回收物傳進焚化爐燒毀
https://crazy.ck101.com/post/13058,放生六袋龜殼花受阻　比丘尼竟嗆：「誦經加持後沒毒了」
https://crazy.ck101.com/post/13055,"不可能～""冷氣開24H""電費2個月才1636元 達人解析""開關機""是關鍵"
https://crazy.ck101.com/post/13054,走過一甲子 華西街最後一家蛇肉店下周熄燈
https://crazy.ck101.com/post/13047,德國腳稱獨裁者我的總統，沒有「德國價值」被罵翻
https://crazy.ck101.com/post/13046,當警察歡樂送？　半夜打110　竟要警幫忙外送宵夜
https://crazy.ck101.com/post/13043,有病! 師將西瓜挖一個洞　當學生面前與西瓜做愛
https://crazy.ck101.com/post/13042,約砲手冊? 阿根廷世界盃手冊 教把俄國妹
https://crazy.ck101.com/post/13041,黃金攻擊! 不滿店員服務態度　女客當眾拉屎攻擊
https://crazy.ck101.com/post/13040,抖Ｍ男看性虐Ａ片　　自宮體驗被虐快感
https://crazy.ck101.com/post/13039,恐！情侶相約體驗性愛絕頂升天　女友刺男有五刀
https://crazy.ck101.com/post/13038,有夠衰！為撿香菸 手臂卡水溝1個多小時
https://crazy.ck101.com/post/13032,黑到底！黃安嗆蔡英文若能國機國造「本帥就陪妳睡」
https://crazy.ck101.com/post/13027,沒知識兼沒衛生！台灣大媽坐台鐵 拿頭墊巾墊便當！
https://crazy.ck101.com/post/13026,不採信馬英九說法 高院：身為國家元首不足表率
https://crazy.ck101.com/post/13024,首例 陳冲反對票公投遭中選會駁回
https://crazy.ck101.com/post/13023,報導馬來西亞投票也要搞政治立場???
https://crazy.ck101.com/post/13021,巴克利： 認為火箭會贏的，攏係北七！
https://crazy.ck101.com/post/13019,天眼系統發威戳破謊言 馬英九涉犯特別背信重罪
https://crazy.ck101.com/post/13017,馬英九二審遭判4月 北檢邢泰釗辦公室傳出歡呼3秒鐘
https://crazy.ck101.com/post/13008,馬英九被訴洩密案 二審逆轉改判4月徒刑
https://crazy.ck101.com/post/13007,總統帶頭毀憲亂政獲輕判，葉毓蘭要馬進去關4個月登大人
https://crazy.ck101.com/post/13004,朱門酒肉臭！朱侯大搞台版清除低端人口政策
https://crazy.ck101.com/post/13003,大愛台拍戲傷害中國玻璃心，國台辦施壓才播兩集就下架
https://crazy.ck101.com/post/13001,怪不得統派入校園毆打學生，台大校警竟幫管爺掛布條
https://crazy.ck101.com/post/12989,才剛扯中國放水辱運動員，呂后轉與柯同調挺台大學閥
https://crazy.ck101.com/post/12988,感謝跳中華？台哥大、遠傳網速狂飆
https://crazy.ck101.com/post/12985,三立新闻 胡乱報他國國情
https://crazy.ck101.com/post/12983,期待媒體公正客觀　蔡英文：Line群組有很多錯誤資訊
https://crazy.ck101.com/post/12981,【更新】堅不道歉「放水說」　呂秀蓮：柯P先講中國來的是二軍
https://crazy.ck101.com/post/12978,正妹約50男「開房間」代價超慘！PO下體照勸世
https://crazy.ck101.com/post/12977,呂秀蓮稱我世大運表現好是「中國放水」 網友暴動了
https://crazy.ck101.com/post/12976,马来西亚大选
https://crazy.ck101.com/post/12974,曹興誠：兩岸之間關係如此不樂觀，都是馬英九搞壞的
https://crazy.ck101.com/post/12971,柯文哲宣布退選台北市長?
https://crazy.ck101.com/post/12966,再提「兩岸一家親」？柯文哲稱基調不變：兩岸要減少緊張
https://crazy.ck101.com/post/12964,為這場選舉她全裸！雞排妹上空趴桌籲「回家投票」
https://crazy.ck101.com/post/12963,​【悲慘片】史上最慘員工旅遊！景點通通「今日公休」
https://crazy.ck101.com/post/12960,遭諷「不值3萬元」　側奶妹動怒告30網友
https://crazy.ck101.com/post/12957,來亂的? 高國華亂入反年改 遭嗆別來作秀
https://crazy.ck101.com/post/12953,這時候反不反核電？廢料納直轄市 朱立倫反對
https://crazy.ck101.com/post/12949,民視新聞台斷訊 罰TBC 330萬 民視20萬
https://crazy.ck101.com/post/12945,花蓮94愛這味！傅崐萁花200萬善款  辦藍營選舉餐宴
https://crazy.ck101.com/post/12942,天兵酒店妹誤以為吸毒恩客中邪  餵符水致錯過救援時間
https://crazy.ck101.com/post/12941,壯男護妻推人變防衛過當…判賠200萬 法官：奪棒即可
https://crazy.ck101.com/post/12937,施振榮評獨董爭議 用程序問題杯葛最糟糕
https://crazy.ck101.com/post/12935,【用戶注意】民視下架風暴擴大　凱擘百萬用戶周四恐斷訊
https://crazy.ck101.com/post/12933,一張圖看金門9小時3177次閃電 網友：有人得罪索爾嗎
https://crazy.ck101.com/post/12931,史上最先進　  4D體驗鐵達尼號
https://crazy.ck101.com/post/12926,蔡英文「非常不爽」柯文哲　北市長不讓了！
https://crazy.ck101.com/post/12925,過氣政客李家同談國際觀，批星戰日胡鬧秒遭打臉
https://crazy.ck101.com/post/12924,【拖下水動畫】小玉嗆聲前早就繳稅　故意掀「網紅大查稅」？
https://crazy.ck101.com/post/12921,總統府五四慶祝國際星戰日 詩人渡也感慨：用肛門思考
https://crazy.ck101.com/post/12920,僅2票！「小英牽柯P」沒人氣 不敵台灣國民身分證
https://crazy.ck101.com/post/12919,25大夜市繳稅2.3億　逢甲第1不意外！士林才第4
https://crazy.ck101.com/post/12914,單挑啊！學弟打學長
https://crazy.ck101.com/post/12913,桃捷棕線高架化引反彈 鄭文燦：評估市區路段地下化
https://crazy.ck101.com/post/12909,台大生受夠政治操作543運動，學代會發聲明要求依法重選校長
https://crazy.ck101.com/post/12906,如當選市長 姚文智：公投決定是否拆大巨蛋
https://crazy.ck101.com/post/12905,大巨蛋去留 姚：公投決定
https://crazy.ck101.com/post/12904,大巨蛋案成競爭對手話柄？ 柯Ｐ：我們不會放水
https://crazy.ck101.com/post/12903,民視新聞斷訊 干郭台銘什麼事？
https://crazy.ck101.com/post/12902,全面清查上市櫃公司找教授當獨董 業者抱怨莫名其妙
https://crazy.ck101.com/post/12900,大台中假日12萬戶停水　店家搶水怨「多花2萬元」
https://crazy.ck101.com/post/12898,台大最黑暗的一天! 799壯士挺管侵門踏戶毆打學生
https://crazy.ck101.com/post/12897,金馬影帝台大生
https://crazy.ck101.com/post/12895,誤信偏方！遭蛇咬傷用「牛糞活埋法」　妻沒毒死反被悶死
https://crazy.ck101.com/post/12893,自知理虧? 吳茂昆怕被嗆 臨時取消台大演講
https://crazy.ck101.com/post/12892,釐清真相事物(二)
https://crazy.ck101.com/post/12891,墨西哥治安失控！185警竟有113人是冒牌貨
https://crazy.ck101.com/post/12889,【有片】蔡英文拍洗碗照被罵假掰　攝影師反嗆：無腦不查證
https://crazy.ck101.com/post/12888,勞工平均月入5萬？政院主計處網站狠打賴揆臉
https://crazy.ck101.com/post/12887,操場每天都有一坨人屎  竟是督學大的
https://crazy.ck101.com/post/12885,印度蠢男硬要跟路邊懶熊拍照被咬死
https://crazy.ck101.com/post/12882,民視新聞突遭斷訊 指控幕後遭鴻海及麥格理政治干預
https://crazy.ck101.com/post/12880,壯男護妻推人變防衛過當…判賠200萬 法官：奪棒即可
https://crazy.ck101.com/post/12878,【鐵口直斷片】又見祭品文！王定宇：若再禮讓柯文哲　我就辭中執委
https://crazy.ck101.com/post/12877,為跟馬英九合照設局性愛光碟，馬迷生技總裁控告金姓友人
https://crazy.ck101.com/post/12876,釐清真相事物
https://crazy.ck101.com/post/12875,租金漲撐不住！台南正興商圈知名旅店驚傳歇業
https://crazy.ck101.com/post/12874,「從兩韓互動看兩岸關係」中共砸30億美元挖邦交 學者：新聞僅1天效果
https://crazy.ck101.com/post/12873,"拔管恐全面清查獨董　​碩禾,遠百,宏碁這樣回"
https://crazy.ck101.com/post/12865,不滿管中閔硬幹！大學跨校聲明：自治淪為寡頭學閥保護傘
https://crazy.ck101.com/post/12864,自由廣場》從台北市立聯合醫院違反勞基法談起
https://crazy.ck101.com/post/12863,【抓包教部「雙重標準」】陽明校長遭爆　上任前曾任生技公司獨董
https://crazy.ck101.com/post/12862,「大災難」：法國美術館發現半數藏品是假貨
https://crazy.ck101.com/post/12861,民進黨選對會密會柯Ｐ　姚文智：我真的非常震驚
https://crazy.ck101.com/post/12858,孫安佐「結案」烏龍一場 聲請交保遭駁回
https://crazy.ck101.com/post/12854,超中肯！老外狂讚「台灣治安超棒」 網打臉：晚上很危險
https://crazy.ck101.com/post/12853,台大椰林大道樹幹出現「迫害」字樣 學生傻眼PO圖
https://crazy.ck101.com/post/12852,多明尼加與華斷交！ 剩19國承認「中華民國是中國」史上最少
https://crazy.ck101.com/post/12851,媽的我老婆結衣要閃婚了
https://crazy.ck101.com/post/12850,在美設公司陸申請專利　教育部長吳茂昆認了
https://crazy.ck101.com/post/12849,開除創黨元老蔡仁堅黨員資格 民進黨二審仍判賠1元
https://crazy.ck101.com/post/12846,台大陽明都出問題 監委要查大學校長遴選爭議
https://crazy.ck101.com/post/12845,美國真要對歐洲盟友發動貿易戰？豁免大限已到，川普：再給我30天想一想
https://crazy.ck101.com/post/12844,台大法律系教授辭遴選委員，痛斥校方違法護管該被彈劾
https://crazy.ck101.com/post/12842,美國少女穿旗袍參加舞會 竟慘遭指控種族歧視
https://crazy.ck101.com/post/12838,3年兩場大火讓桃園市11消防員殉職　監委要調查了
https://crazy.ck101.com/post/12837,無黨籍柯P稱綠營卡管案白癡 名嘴一句話反酸這樣才是大白癡！
https://crazy.ck101.com/post/12836,藍營不滿教育部拒違法遴選，台大博士生打臉台大放棄自治
https://crazy.ck101.com/post/12835,不是失言！ 吳茂昆再說明「為何學術沒有民主」
https://crazy.ck101.com/post/12834,最爛夜市票選出爐 榜首就是「它」！
https://crazy.ck101.com/post/12832,怪異一家人在夾娃娃機店偷音響
https://crazy.ck101.com/post/12826,教部拔管／吳茂昆強調沒政治力介入　嗆龍應台說法很好笑
https://crazy.ck101.com/post/12822,柯黑大遊行上萬人？這照片曝光一秒洩底
https://crazy.ck101.com/post/12821,研究生用餐後不適3天死亡 嘉義豆奶攤驗出細菌被勒令停業
https://crazy.ck101.com/post/12820,敬鵬工業平鎮廠全面燃燒 7消防員2移工失聯
https://crazy.ck101.com/post/12819,只會講幹話的律師
https://crazy.ck101.com/post/12818,柯文哲說拔管是白癡政策 蔡丁貴：柯指自己是白癡？
https://crazy.ck101.com/post/12816,陳昭南專欄：退將再鬧吧，中國出大事了！
https://crazy.ck101.com/post/12809,昔寬待太陽花 今研擬「襲警罪」 蔡政府雙重標準
https://crazy.ck101.com/post/12808,反年改智商無下限！之前才害死隊友  這次斷人手指還藏起來
https://crazy.ck101.com/post/12807,伸縮自如的束帶? 貪婪反年改自導自演令人傻眼
https://crazy.ck101.com/post/12805,八百壯士幕後花絮
https://crazy.ck101.com/post/12804,A片封面改這樣 網友:寫下成為傳說的一頁
https://crazy.ck101.com/post/12803,醫院當你家? 800-1壯士霸佔兒童醫院
